<?xml version="1.0" encoding="utf-8" ?> 


<component name="DetailsScreenPage" extends="Group" initialFocus="Buttons" xsi:noNamespaceSchemaLocation="https://devtools.web.roku.com/schema/RokuSceneGraph.xsd">
    <script type="text/brightscript" uri="DetailsScreenPage.brs" />

    <interface>
        <!-- Content fields -->
        <field id="content" type="node" onChange="OnContentChange" />
        <!-- @WriteOnly  -->
        <!-- Manually focus on desired item. This field must be set after setting the content field. -->
        <field id="jumpToItem" type="integer" onChange="OnJumpToItem" value="0" alwaysNotify="true" />
        <!-- tells what item is currently focused  -->
        <field id="itemFocused" type="integer" alwaysNotify="true" />     
        <field id="buttonSelected" type="integer" alias="buttons.itemSelected" />
        <field id="buttons" type="node" alias="buttons.content" /> 
    </interface>
     <children>
       
         <Poster
             id="thumbnailPoster"
             opacity="0.4"
             width="1520"
             loadWidth="1520"
             height="720"
             loadHeight="720"
             loadDisplayMode="scaleToFit"
          />
        <LayoutGroup
            translation="[1150, 160]"
            layoutDirection="horiz"
            horizAlignment="right"
            itemSpacings="[35]">
            <LayoutGroup
                itemSpacings="[12, 10]"
                layoutDirection="vert">
                <Label
	              id="titleLabel"
	              width="450"
			      translation="[130,130]"
                >
               <Font
                  role="font"
                  uri="pkg:/fonts/AvenirNextBold/AvenirNext-Bold.ttf"
                  size="30"/> 
             </Label>
            </LayoutGroup>
            <Group>
                <LabelList
                    id="buttons"
                    numRows="2"
                    itemSpacing="[0,12]"
                    itemSize="[580, 45]"
                />
                <LayoutGroup
                    itemSpacings="[22]"
                    translation="[130, 300]">
                    <Label
                        id="descriptionLabel"
                        wrap="true"
                        maxLines="8"
                        width="520">
                     <Font
                        role="font"
                        uri="pkg:/fonts/AvenirNextBold/AvenirNext-Medium.ttf"
                        size="18"/> 
                    </Label>    
                </LayoutGroup>
            </Group>
        </LayoutGroup>
    </children>
</component>   